Name,Slug,Description,Url,Categories,Tags,Phone number
Cotton Row Restaurant,cotton-row-restaurant,Upscale Southern fine dining in a historic downtown building featuring seasonal menus and craft cocktails.,https://www.cottonrowrestaurant.com,Huntsville,Family,
Char Restaurant,char-restaurant,Modern steakhouse serving premium aged steaks and fresh Gulf seafood in a stylish setting.,https://huntsville.charrestaurant.com/,Huntsville,,(256) 384-4465
MELT,melt,Creative comfort food spot that started as a grilled cheese food truck and grew into a beloved local eatery.,https://ilovemelt.com/huntsville,Huntsville,Woman,(256) 517-8755
Viet Huong,viet-huong,Long-standing Vietnamese restaurant known for generous portions of authentic pho and affordable prices.,https://viet-huong.menu-world.com/,Huntsville,Family,(256) 890-0104
The Revivalist,the-revivalist,Refined dining inspired by European classics and American regionalism in a historic downtown tavern setting.,https://www.revivalisthuntsville.com/,Huntsville,,(256) 361-0090
Publix Super Market,publix-super-market,Full-service grocery store known for excellent customer service and quality produce with an in-store pharmacy and deli.,https://www.publix.com,Huntsville,Employee,(256) 650-2390
Trader Joe's,trader-joe-s,Specialty grocery chain offering affordable private-label products and unique organic and specialty items.,https://www.traderjoes.com,Huntsville,,
Buc-ee's,buc-ee-s,Iconic mega travel center and gas station famous for spotless restrooms and freshly prepared food and snacks.,https://www.buc-ees.com,Huntsville,Family,
Food City,food-city,Regional grocery store providing fresh meats and produce along with bakery items and pharmacy services.,https://www.foodcity.com,Huntsville,"Family, Employee",(256) 361-0053
RaceTrac,racetrac,Modern gas station and convenience store offering competitive fuel prices and fresh food options.,https://www.racetrac.com,Huntsville,Family,(256) 658-2892
Bridge Street Town Centre,bridge-street-town-centre,Upscale open-air shopping center with national retailers and restaurants plus a movie theater and carousel.,https://www.bridgestreethuntsville.com,Huntsville,,(256) 428-2022
Harrison Brothers Hardware,harrison-brothers-hardware,"Alabama's oldest continuously operating hardware store, founded in 1897 and now featuring locally made crafts and gifts.",https://www.harrisonbrothershardware.com,Huntsville,Non-profit,(256) 536-3631
Lowe Mill ARTS & Entertainment,lowe-mill-arts-entertainment,"The largest privately owned arts facility in the U.S. with over 150 artist studios, galleries, and shops.",https://www.lowemill.art,Huntsville,,(256) 533-0399
Parkway Place Mall,parkway-place-mall,Traditional indoor shopping mall anchored by Belk and Dillard's with specialty shops and a food court.,https://www.parkwayplacemall.com,Huntsville,,(256) 361-0836
Alabama Goods,alabama-goods,"Local shop showcasing products made exclusively in Alabama including artisan foods, crafts, and gifts.",https://www.alabamagoods.com,Huntsville,Woman,(256) 270-7439
Blake Brothers,blake-brothers,"Family-owned plumbing, HVAC, and electrical company serving Huntsville since 1884 with 24/7 emergency availability.",https://blakebrothers.com,Huntsville,Family,(256) 469-1066
Thomas Service Company,thomas-service-company,"Trusted HVAC and plumbing provider since 2005, blending traditional values with modern techniques and free second opinions.",https://wearethomas.com,Huntsville,Family,(256) 908-8588
Best Care Plumbing Heating & Air,best-care-plumbing-heating-air,"Family-owned company offering NATE-certified HVAC, plumbing, and whole-home generator services with preventive maintenance plans.",https://bestcarealabama.com,Huntsville,Family,(256) 937-7889
Hiller Plumbing HVAC & Electrical,hiller-plumbing-hvac-electrical,"Full-service home repair company providing highly rated plumbing, HVAC, and electrical services with fast response times.",https://happyhiller.com,Huntsville,Family,(256) 539-2167
Lee Company,lee-company,"Comprehensive residential and commercial services provider offering HVAC, plumbing, electrical, and appliance repair since 1944.",https://www.leecompany.com,Huntsville,Family,(256) 567-9681
Huntsville Hospital Wellness Center,huntsville-hospital-wellness-center,"Hospital-backed fitness center with exercise physiologists, personal trainers, a 75-foot heated pool, and flexible memberships.",https://www.huntsvillehospital.org/wellness/wellness-centers,Huntsville,,(256) 265-9355
24e Health Clubs,24e-health-clubs,"Affordable 24-hour gym with group fitness classes, personal training, tanning, and Kid Zone childcare.",https://24ehealthclubs.com,Huntsville,,(256) 971-9470
Alison Wellness Clinic,alison-wellness-clinic,"Wellness clinic offering personalized weight loss, anti-aging solutions, and healthy lifestyle guidance.",https://www.alisonwellnessclinic.com,Huntsville,,(256) 489-5748
Phaze 3 Fitness,phaze-3-fitness,Community-focused health club offering quality fitness facilities and modern equipment at affordable prices.,https://phaze3fitness.com,Huntsville,,(256) 325-0338
24/7 Health Club & Wellness Center,24-7-health-club-wellness-center,"Full-service gym with round-the-clock member access, personal training, group classes, and an indoor track.",https://besthuntsvillehealthclub.com,Huntsville,,
Terramé Salon & Spa,terrame-salon-spa,"Full-service salon and spa with three area locations specializing in hair, nails, massages, facials, and spray tans.",https://terrame.com,Huntsville,Family,(256) 319-3003
Elleven Salon,elleven-salon,Fashion-forward hair salon led by a Redken Color Certified specialist offering personalized styling in a warm atmosphere.,https://www.ellevensalon.com,Huntsville,Woman,(256) 489-4247
Fringe Salon,fringe-salon,"Professional hair studio specializing in precision cutting, color correction, balayage, and fashion colors.",https://www.fringesalonhsv.com/,Huntsville,Woman,(256) 585-3525
Fade Factory Barbershop,fade-factory-barbershop,"Top-rated barbershop known for expert fades, clean cuts, and a welcoming professional environment.",https://thefadefactory.net/,Huntsville,,(256) 226-9585
The Parlor Huntsville,the-parlor-huntsville,Luxury hair salon offering premium styling and coloring services in an upscale and elegant setting.,https://www.theparlorhuntsville.com,Huntsville,Woman,(256) 631-3898
Warren Averett,warren-averett,"One of the Southeast's largest accounting firms offering tax, audit, advisory, and consulting services.",https://warrenaverett.com,Huntsville,,(256) 533-7610
Carr Riggs & Ingram HSV,carr-riggs-ingram-hsv,,https://criadv.com/location/huntsville,"Huntsville, Montgomery",,(334) 271-6678
Mauldin & Jenkins,mauldin-jenkins,"Full-service accounting firm offering tax, assurance, and advisory services with big-firm resources and a local feel.",https://www.mjcpa.com,Huntsville,,(256) 533-9105
Henry & Brown LLC,henry-brown-llc,"Local CPA firm with over 65 years of combined experience in tax preparation, accounting, and financial planning.",https://henryandbrown.com,Huntsville,,(256) 539-9641
Bowman Law Firm,bowman-law-firm,"Tax attorney and CPA specializing in IRS audit defense, back tax resolution, and tax planning for over 30 years.",https://www.bowmanlawfirm.net,Huntsville,,(256) 539-9850
The Tutoring Center Huntsville,the-tutoring-center-huntsville,"K-12 tutoring center providing one-on-one instruction in reading, math, writing, and SAT/ACT test prep.",https://www.tutoringcenter.com/center/huntsvilleal,Huntsville,,(256) 945-7084
Mathnasium of Huntsville,mathnasium-of-huntsville,Specialized math-only tutoring center for K-12 students using personalized assessments and the Socratic Method.,https://www.mathnasium.com/math-centers/huntsville,Huntsville,,(256) 885-0886
The Learning Team,the-learning-team,"Academic coaching and tutoring service offering personalized student matching, ACT/SAT prep, and proven results.",https://golearningteam.com,Huntsville,,(256) 924-6028
University of Alabama in Huntsville,university-of-alabama-in-huntsville,Public research university offering undergraduate and graduate programs with strong ties to the aerospace industry.,https://www.uah.edu,Huntsville,,(256) 824-1000
U.S. Space & Rocket Center,u-s-space-rocket-center,"Smithsonian-affiliated museum with one of the world's largest space artifact collections, simulators, and home of Space Camp.",https://www.rocketcenter.com,Huntsville,Non-profit,
Von Braun Center,von-braun-center,"Downtown multipurpose venue hosting major concerts, hockey games, conventions, and cultural performances.",https://www.vonbrauncenter.com,Huntsville,,(256) 533-1953
Campus No. 805,campus-no-805,"Repurposed school campus featuring breweries, restaurants, a secret speakeasy, axe throwing, and live events.",https://www.campusno805.com,Huntsville,,(256) 519-6212
Huntsville Botanical Garden,huntsville-botanical-garden,"118-acre year-round garden with themed gardens, nature trails, seasonal events, and the nation's largest open-air butterfly house.",https://www.hsvbg.org,Huntsville,Non-profit,(256) 830-4447
The Orion Amphitheater,the-orion-amphitheater,"State-of-the-art outdoor concert venue seating over 8,000 and hosting world-class music acts and events.",https://www.theorionhuntsville.com,Huntsville,,(256) 964-9556
106 Jefferson Huntsville,106-jefferson-huntsville,"Stylish downtown boutique hotel with a rooftop bar, on-site restaurant, and walkable access to attractions.",https://www.hilton.com/en/hotels/hsvccqq-106-jefferson-huntsville/,Huntsville,,(256) 288-0128
AC Hotel Huntsville Downtown,ac-hotel-huntsville-downtown,Modern European-inspired Marriott hotel overlooking Big Spring Park with contemporary design and prime downtown location.,https://www.marriott.com/hotels/travel/hsvar-ac-hotel-huntsville-downtown/,Huntsville,,(256) 836-7776
Drury Inn & Suites Huntsville,drury-inn-suites-huntsville,"Top-rated hotel across from the Space & Rocket Center with complimentary breakfast, evening reception, and indoor pool.",https://www.druryhotels.com/locations/huntsville-al/drury-inn-and-suites-huntsville-space-and-rocket-center,Huntsville,Family,(256) 430-9888
Trilogy Hotel Huntsville,trilogy-hotel-huntsville,"Newly opened downtown boutique hotel blending mid-century style with Rocket City heritage, featuring two on-site dining concepts.",https://www.trilogyhotelhuntsville-autographcollection.com/,Huntsville,,(256) 489-2080
Hotel Indigo Huntsville MidCity,hotel-indigo-huntsville-midcity,"Neighborhood-inspired boutique hotel near the Orion Amphitheater with local art, modern rooms, and regionally inspired dining.",https://www.ihg.com/hotelindigo/hotels/us/en/huntsville/hsvmc/hoteldetail,Huntsville,,(256) 715-2900